/*
Navicat MySQL Data Transfer

Source Server         : local
Source Server Version : 50525
Source Host           : localhost:3306
Source Database       : st

Target Server Type    : MYSQL
Target Server Version : 50525
File Encoding         : 65001

Date: 2015-01-29 17:54:21
*/

SET FOREIGN_KEY_CHECKS=0;

-- ----------------------------
-- Table structure for tab_charge_detail
-- ----------------------------
DROP TABLE IF EXISTS `tab_charge_detail`;
CREATE TABLE `tab_charge_detail` (
  `ID` bigint(20) NOT NULL AUTO_INCREMENT,
  `CityCardNo` varchar(30) DEFAULT '' COMMENT '市民卡号',
  `CardType` tinyint(255) DEFAULT NULL COMMENT '卡片类型',
  `BankCardNo` varchar(30) DEFAULT '' COMMENT '充值时采用的银行卡卡号或者充值卡卡号',
  `ChargeTime` datetime DEFAULT NULL COMMENT '充值时间',
  `ChargeType` tinyint(255) DEFAULT '0' COMMENT '充值类型  0：现金  1：银联卡  3：充值卡',
  `ChargeAmount` int(255) DEFAULT NULL COMMENT '充值金额，单位：分',
  `BalanceBeforeCharge` int(255) DEFAULT NULL COMMENT '充值前余额',
  `TAC` varchar(20) DEFAULT '' COMMENT '圈存过程中产生的tac',
  `ASN` varchar(20) DEFAULT '' COMMENT 'IC卡应用序列号',
  `TSN` varchar(20) DEFAULT '' COMMENT 'IC卡交易序列号',
  `ChargeSNo` bigint(11) DEFAULT NULL COMMENT '充值交易流水号（终端维护)',
  `TerminalID` int(20) DEFAULT NULL COMMENT '充值所在终端',
  `POSID` varchar(20) DEFAULT '' COMMENT 'pos编号',
  `SAMID` varchar(20) DEFAULT '' COMMENT 'sam编号',
  `AgencyNo` varchar(20) DEFAULT '' COMMENT '充值点编号',
  `SysTime` datetime DEFAULT NULL COMMENT '数据插入时间',
  PRIMARY KEY (`ID`)
) ENGINE=InnoDB AUTO_INCREMENT=9 DEFAULT CHARSET=utf8 COMMENT='充值交易明细';

-- ----------------------------
-- Records of tab_charge_detail
-- ----------------------------
INSERT INTO `tab_charge_detail` VALUES ('1', '12345678901234', null, '', '2015-01-08 15:37:13', '0', '10000', '2350', '', '', '', '100', '123', '', '', '', '2015-01-08 15:37:47');
INSERT INTO `tab_charge_detail` VALUES ('2', '12345678901234', null, '', '2015-01-08 15:38:30', '0', '20000', '1250', '', '', '', '101', '123', '', '', '', null);
INSERT INTO `tab_charge_detail` VALUES ('3', '12345678901234', null, '', '2015-01-08 15:38:37', '1', '5000', '120', '', '', '', '102', '124', '', '', '', null);
INSERT INTO `tab_charge_detail` VALUES ('4', '12345678901235', null, '', '2015-01-08 15:38:43', '1', '10000', '2032', '', '', '', '103', '124', '', '', '', null);
INSERT INTO `tab_charge_detail` VALUES ('5', '12345678901235', null, '', '2015-01-08 15:38:47', '2', '10000', '2055', '', '', '', '104', '123', '', '', '', null);
INSERT INTO `tab_charge_detail` VALUES ('6', '12345678901235', null, '', '2015-01-08 15:40:44', '1', '20000', '1205', '', '', '', '105', '124', '', '', '', null);
INSERT INTO `tab_charge_detail` VALUES ('7', '12345678901235', null, '', '2015-01-08 15:40:47', '3', '10000', '1300', '', '', '', '106', '125', '', '', '', null);
INSERT INTO `tab_charge_detail` VALUES ('8', '12345678901236', null, '', '2015-01-08 15:40:49', '4', '5000', '500', '', '', '', '107', '126', '', '', '', null);

-- ----------------------------
-- Table structure for tab_log_type
-- ----------------------------
DROP TABLE IF EXISTS `tab_log_type`;
CREATE TABLE `tab_log_type` (
  `log_type_id` int(11) NOT NULL COMMENT '日志类型ID',
  `log_type_name` varchar(255) DEFAULT NULL COMMENT '日志类型名',
  PRIMARY KEY (`log_type_id`)
) ENGINE=InnoDB DEFAULT CHARSET=utf8;

-- ----------------------------
-- Records of tab_log_type
-- ----------------------------
INSERT INTO `tab_log_type` VALUES ('1', '终端上线');
INSERT INTO `tab_log_type` VALUES ('2', '终端离线');
INSERT INTO `tab_log_type` VALUES ('3', '提前现金');
INSERT INTO `tab_log_type` VALUES ('4', '人工暂停服务');
INSERT INTO `tab_log_type` VALUES ('5', '充值');

-- ----------------------------
-- Table structure for tab_oper_log
-- ----------------------------
DROP TABLE IF EXISTS `tab_oper_log`;
CREATE TABLE `tab_oper_log` (
  `id` int(255) NOT NULL AUTO_INCREMENT COMMENT '自增id',
  `terminalId` int(255) DEFAULT '0' COMMENT '终端编号',
  `time` datetime DEFAULT NULL COMMENT '日志时间',
  `logtype` smallint(255) DEFAULT '0' COMMENT '日志类型',
  `logMemo` varchar(255) DEFAULT '' COMMENT '日志内容',
  PRIMARY KEY (`id`)
) ENGINE=InnoDB DEFAULT CHARSET=utf8 COMMENT='系统操作日志表';

-- ----------------------------
-- Records of tab_oper_log
-- ----------------------------

-- ----------------------------
-- Table structure for tab_refund
-- ----------------------------
DROP TABLE IF EXISTS `tab_refund`;
CREATE TABLE `tab_refund` (
  `ID` int(11) NOT NULL AUTO_INCREMENT,
  `CardNo` varchar(30) DEFAULT NULL COMMENT '卡号',
  `Amount` int(255) DEFAULT NULL COMMENT '退款金额',
  `RefundTime` datetime DEFAULT NULL COMMENT '退款时间，由客户端提供',
  `Status` tinyint(255) DEFAULT NULL COMMENT '状态  0：新建未退回  1：退回',
  `InsertTime` datetime DEFAULT NULL,
  `TerminalID` int(11) DEFAULT NULL COMMENT '终端编号',
  `ChargeType` tinyint(255) DEFAULT '0' COMMENT '充值类型',
  PRIMARY KEY (`ID`)
) ENGINE=InnoDB AUTO_INCREMENT=229 DEFAULT CHARSET=utf8;

-- ----------------------------
-- Records of tab_refund
-- ----------------------------
INSERT INTO `tab_refund` VALUES ('9', '3030303030303030', '10000', '2014-08-12 13:50:20', '0', '2014-08-12 14:35:31', '124', '0');
INSERT INTO `tab_refund` VALUES ('10', '3030303030303030', '10000', '2014-08-12 13:50:20', '0', '2014-08-12 14:36:23', '125', '0');
INSERT INTO `tab_refund` VALUES ('11', '3030303030303030', '10000', '2014-08-12 13:50:20', '0', '2014-08-12 16:25:43', '126', '0');
INSERT INTO `tab_refund` VALUES ('12', '3030303030303030', '10000', '2014-08-12 13:50:20', '0', '2014-08-12 16:26:38', '123', '0');
INSERT INTO `tab_refund` VALUES ('13', '3030303030303030', '10000', '2014-08-12 13:50:20', '0', '2014-08-12 16:27:38', '124', '0');
INSERT INTO `tab_refund` VALUES ('14', '3030303030303030', '10000', '2014-08-12 13:50:20', '0', '2014-08-12 16:28:38', '125', '0');
INSERT INTO `tab_refund` VALUES ('15', '3030303030303030', '10000', '2014-08-12 13:50:20', '0', '2014-08-12 16:29:38', '126', '0');
INSERT INTO `tab_refund` VALUES ('16', '3030303030303030', '10000', '2014-08-12 13:50:20', '0', '2014-08-15 10:11:43', '123', '0');
INSERT INTO `tab_refund` VALUES ('17', '3030303030303030', '10000', '2014-08-12 13:50:20', '0', '2014-08-15 10:12:43', '124', '0');
INSERT INTO `tab_refund` VALUES ('18', '3030303030303030', '10000', '2014-08-12 13:50:20', '0', '2014-08-15 10:13:43', '125', '0');
INSERT INTO `tab_refund` VALUES ('19', '3030303030303030', '10000', '2014-08-12 13:50:20', '0', '2014-08-15 10:20:47', '126', '0');
INSERT INTO `tab_refund` VALUES ('20', '3030303030303030', '10000', '2014-08-12 13:50:20', '0', '2014-08-15 10:24:57', '123', '0');
INSERT INTO `tab_refund` VALUES ('21', '3030303030303030', '10000', '2014-08-12 13:50:20', '0', '2014-08-15 10:25:57', '124', '0');
INSERT INTO `tab_refund` VALUES ('22', '3030303030303030', '10000', '2014-08-12 13:50:20', '0', '2014-08-15 10:34:16', '125', '0');
INSERT INTO `tab_refund` VALUES ('23', '3030303030303030', '10000', '2014-08-12 13:50:20', '0', '2014-08-15 10:36:33', '126', '0');
INSERT INTO `tab_refund` VALUES ('24', '3030303030303030', '10000', '2014-08-12 13:50:20', '0', '2014-08-15 10:37:33', '123', '0');
INSERT INTO `tab_refund` VALUES ('25', '3030303030303030', '10000', '2014-08-12 13:50:20', '0', '2014-08-15 10:41:40', '124', '0');
INSERT INTO `tab_refund` VALUES ('26', '3030303030303030', '10000', '2014-08-12 13:50:20', '0', '2014-08-15 10:49:27', '125', '0');
INSERT INTO `tab_refund` VALUES ('27', '3030303030303030', '10000', '2014-08-12 13:50:20', '0', '2014-08-15 10:50:27', '126', '0');
INSERT INTO `tab_refund` VALUES ('28', '3030303030303030', '10000', '2014-08-12 13:50:20', '0', '2014-08-15 11:13:21', '123', '0');
INSERT INTO `tab_refund` VALUES ('29', '3030303030303030', '10000', '2014-08-12 13:50:20', '0', '2014-08-15 11:16:21', '124', '0');
INSERT INTO `tab_refund` VALUES ('30', '3030303030303030', '10000', '2014-08-12 13:50:20', '0', '2014-08-15 11:18:59', '125', '0');
INSERT INTO `tab_refund` VALUES ('31', '3030303030303030', '10000', '2014-08-12 13:50:20', '0', '2014-08-15 11:19:48', '126', '0');
INSERT INTO `tab_refund` VALUES ('32', '3030303030303030', '10000', '2014-08-12 13:50:20', '0', '2014-08-15 11:20:48', '123', '0');
INSERT INTO `tab_refund` VALUES ('33', '3030303030303030', '10000', '2014-08-12 13:50:20', '0', '2014-08-15 11:21:48', '124', '0');
INSERT INTO `tab_refund` VALUES ('34', '3030303030303030', '10000', '2014-08-12 13:50:20', '0', '2014-08-15 11:22:48', '125', '0');
INSERT INTO `tab_refund` VALUES ('35', '3030303030303030', '10000', '2014-08-12 13:50:20', '0', '2014-08-15 11:23:48', '126', '0');
INSERT INTO `tab_refund` VALUES ('36', '3030303030303030', '10000', '2014-08-12 13:50:20', '0', '2014-08-15 11:24:48', '123', '0');
INSERT INTO `tab_refund` VALUES ('37', '3030303030303030', '10000', '2014-08-12 13:50:20', '0', '2014-08-15 11:25:48', '124', '0');
INSERT INTO `tab_refund` VALUES ('38', '3030303030303030', '10000', '2014-08-12 13:50:20', '0', '2014-08-15 11:26:48', '125', '0');
INSERT INTO `tab_refund` VALUES ('39', '3030303030303030', '10000', '2014-08-12 13:50:20', '0', '2014-08-15 11:27:48', '126', '0');
INSERT INTO `tab_refund` VALUES ('40', '3030303030303030', '10000', '2014-08-12 13:50:20', '0', '2014-08-15 11:28:48', '123', '0');
INSERT INTO `tab_refund` VALUES ('41', '3030303030303030', '10000', '2014-08-12 13:50:20', '0', '2014-08-15 11:29:48', '124', '0');
INSERT INTO `tab_refund` VALUES ('42', '3030303030303030', '10000', '2014-08-12 13:50:20', '0', '2014-08-15 11:30:48', '125', '0');
INSERT INTO `tab_refund` VALUES ('43', '3030303030303030', '10000', '2014-08-12 13:50:20', '0', '2014-08-15 11:31:48', '126', '0');
INSERT INTO `tab_refund` VALUES ('44', '3030303030303030', '10000', '2014-08-12 13:50:20', '0', '2014-08-15 11:32:48', '123', '0');
INSERT INTO `tab_refund` VALUES ('45', '3030303030303030', '10000', '2014-08-12 13:50:20', '0', '2014-08-15 11:33:48', '124', '0');
INSERT INTO `tab_refund` VALUES ('46', '3030303030303030', '10000', '2014-08-12 13:50:20', '0', '2014-08-25 11:08:44', '125', '0');
INSERT INTO `tab_refund` VALUES ('47', '3030303030303030', '10000', '2014-08-12 13:50:20', '0', '2014-08-25 11:09:13', '126', '0');
INSERT INTO `tab_refund` VALUES ('48', '3030303030303030', '10000', '2014-08-12 13:50:20', '0', '2014-08-25 11:12:26', '123', '0');
INSERT INTO `tab_refund` VALUES ('49', '3030303030303030', '10000', '2014-08-12 13:50:20', '0', '2014-08-25 11:31:50', '124', '0');
INSERT INTO `tab_refund` VALUES ('50', '3030303030303030', '10000', '2014-08-12 13:50:20', '0', '2014-08-25 11:32:50', '125', '0');
INSERT INTO `tab_refund` VALUES ('51', '3030303030303030', '10000', '2014-08-12 13:50:20', '0', '2014-08-25 11:33:50', '126', '0');
INSERT INTO `tab_refund` VALUES ('52', '3030303030303030', '10000', '2014-08-12 13:50:20', '0', '2014-08-25 11:34:50', '123', '0');
INSERT INTO `tab_refund` VALUES ('53', '3030303030303030', '10000', '2014-08-12 13:50:20', '0', '2014-08-25 11:35:50', '124', '0');
INSERT INTO `tab_refund` VALUES ('54', '3030303030303030', '10000', '2014-08-12 13:50:20', '0', '2014-08-25 11:36:50', '125', '0');
INSERT INTO `tab_refund` VALUES ('55', '3030303030303030', '10000', '2014-08-12 13:50:20', '0', '2014-08-25 11:37:50', '126', '0');
INSERT INTO `tab_refund` VALUES ('56', '3030303030303030', '10000', '2014-08-12 13:50:20', '0', '2014-08-25 11:38:56', '123', '0');
INSERT INTO `tab_refund` VALUES ('57', '3030303030303030', '10000', '2014-08-12 13:50:20', '0', '2014-08-25 11:39:50', '124', '0');
INSERT INTO `tab_refund` VALUES ('58', '3030303030303030', '10000', '2014-08-12 13:50:20', '0', '2014-08-25 11:40:50', '125', '0');
INSERT INTO `tab_refund` VALUES ('59', '3030303030303030', '10000', '2014-08-12 13:50:20', '0', '2014-08-25 11:41:50', '126', '0');
INSERT INTO `tab_refund` VALUES ('60', '3030303030303030', '10000', '2014-08-12 13:50:20', '0', '2014-08-25 11:42:50', '123', '0');
INSERT INTO `tab_refund` VALUES ('61', '3030303030303030', '10000', '2014-08-12 13:50:20', '0', '2014-08-25 11:43:50', '124', '0');
INSERT INTO `tab_refund` VALUES ('62', '3030303030303030', '10000', '2014-08-12 13:50:20', '0', '2014-08-25 11:44:50', '125', '0');
INSERT INTO `tab_refund` VALUES ('63', '3030303030303030', '10000', '2014-08-12 13:50:20', '0', '2014-08-25 11:45:50', '126', '0');
INSERT INTO `tab_refund` VALUES ('64', '3030303030303030', '10000', '2014-08-12 13:50:20', '0', '2014-08-25 11:46:50', '123', '0');
INSERT INTO `tab_refund` VALUES ('65', '3030303030303030', '10000', '2014-08-12 13:50:20', '0', '2014-08-25 11:47:50', '124', '0');
INSERT INTO `tab_refund` VALUES ('66', '3030303030303030', '10000', '2014-08-12 13:50:20', '0', '2014-08-25 11:48:50', '125', '0');
INSERT INTO `tab_refund` VALUES ('67', '3030303030303030', '10000', '2014-08-12 13:50:20', '0', '2014-08-25 11:49:50', '126', '0');
INSERT INTO `tab_refund` VALUES ('68', '3030303030303030', '10000', '2014-08-12 13:50:20', '0', '2014-08-25 11:50:50', '123', '0');
INSERT INTO `tab_refund` VALUES ('69', '3030303030303030', '10000', '2014-08-12 13:50:20', '0', '2014-08-25 11:51:50', '124', '0');
INSERT INTO `tab_refund` VALUES ('70', '3030303030303030', '10000', '2014-08-12 13:50:20', '0', '2014-08-25 11:52:50', '125', '0');
INSERT INTO `tab_refund` VALUES ('71', '3030303030303030', '10000', '2014-08-12 13:50:20', '0', '2014-08-25 11:53:50', '126', '0');
INSERT INTO `tab_refund` VALUES ('72', '3030303030303030', '10000', '2014-08-12 13:50:20', '0', '2014-08-25 11:54:50', '123', '0');
INSERT INTO `tab_refund` VALUES ('73', '3030303030303030', '10000', '2014-08-12 13:50:20', '0', '2014-08-25 11:55:50', '124', '0');
INSERT INTO `tab_refund` VALUES ('74', '3030303030303030', '10000', '2014-08-12 13:50:20', '0', '2014-08-25 11:56:50', '125', '0');
INSERT INTO `tab_refund` VALUES ('75', '3030303030303030', '10000', '2014-08-12 13:50:20', '0', '2014-08-25 11:57:50', '126', '0');
INSERT INTO `tab_refund` VALUES ('76', '3030303030303030', '10000', '2014-08-12 13:50:20', '0', '2014-08-25 11:58:50', '123', '0');
INSERT INTO `tab_refund` VALUES ('77', '3030303030303030', '10000', '2014-08-12 13:50:20', '0', '2014-08-25 11:59:50', '124', '0');
INSERT INTO `tab_refund` VALUES ('78', '3030303030303030', '10000', '2014-08-12 13:50:20', '0', '2014-08-25 12:00:50', '125', '0');
INSERT INTO `tab_refund` VALUES ('79', '3030303030303030', '10000', '2014-08-12 13:50:20', '0', '2014-08-25 12:01:50', '126', '0');
INSERT INTO `tab_refund` VALUES ('80', '3030303030303030', '10000', '2014-08-12 13:50:20', '0', '2014-08-25 12:02:50', '123', '0');
INSERT INTO `tab_refund` VALUES ('81', '3030303030303030', '10000', '2014-08-12 13:50:20', '0', '2014-08-25 12:03:50', '124', '0');
INSERT INTO `tab_refund` VALUES ('82', '3030303030303030', '10000', '2014-08-12 13:50:20', '0', '2014-08-25 12:04:50', '125', '0');
INSERT INTO `tab_refund` VALUES ('83', '3030303030303030', '10000', '2014-08-12 13:50:20', '0', '2014-08-25 12:05:50', '126', '0');
INSERT INTO `tab_refund` VALUES ('84', '3030303030303030', '10000', '2014-08-12 13:50:20', '0', '2014-08-25 12:06:50', '123', '0');
INSERT INTO `tab_refund` VALUES ('85', '3030303030303030', '10000', '2014-08-12 13:50:20', '0', '2014-08-25 12:07:50', '124', '0');
INSERT INTO `tab_refund` VALUES ('86', '3030303030303030', '10000', '2014-08-12 13:50:20', '0', '2014-08-25 12:08:50', '125', '0');
INSERT INTO `tab_refund` VALUES ('87', '3030303030303030', '10000', '2014-08-12 13:50:20', '0', '2014-08-25 12:09:50', '126', '0');
INSERT INTO `tab_refund` VALUES ('88', '3030303030303030', '10000', '2014-08-12 13:50:20', '0', '2014-08-25 12:10:50', '123', '0');
INSERT INTO `tab_refund` VALUES ('89', '3030303030303030', '10000', '2014-08-12 13:50:20', '0', '2014-08-25 12:11:50', '124', '0');
INSERT INTO `tab_refund` VALUES ('90', '3030303030303030', '10000', '2014-08-12 13:50:20', '0', '2014-08-25 12:12:50', '125', '0');
INSERT INTO `tab_refund` VALUES ('91', '3030303030303030', '10000', '2014-08-12 13:50:20', '0', '2014-08-25 12:13:50', '126', '0');
INSERT INTO `tab_refund` VALUES ('92', '3030303030303030', '10000', '2014-08-12 13:50:20', '0', '2014-08-25 12:14:50', '123', '0');
INSERT INTO `tab_refund` VALUES ('93', '3030303030303030', '10000', '2014-08-12 13:50:20', '0', '2014-08-25 12:15:50', '124', '0');
INSERT INTO `tab_refund` VALUES ('94', '3030303030303030', '10000', '2014-08-12 13:50:20', '0', '2014-08-25 12:16:50', '125', '0');
INSERT INTO `tab_refund` VALUES ('95', '3030303030303030', '10000', '2014-08-12 13:50:20', '0', '2014-08-25 12:17:50', '126', '0');
INSERT INTO `tab_refund` VALUES ('96', '3030303030303030', '10000', '2014-08-12 13:50:20', '0', '2014-08-25 12:18:50', '123', '0');
INSERT INTO `tab_refund` VALUES ('97', '3030303030303030', '10000', '2014-08-12 13:50:20', '0', '2014-08-25 12:31:10', '124', '0');
INSERT INTO `tab_refund` VALUES ('98', '3030303030303030', '10000', '2014-08-12 13:50:20', '0', '2014-08-25 14:19:30', '125', '0');
INSERT INTO `tab_refund` VALUES ('99', '3030303030303030', '10000', '2014-08-12 13:50:20', '0', '2014-08-25 14:20:30', '126', '0');
INSERT INTO `tab_refund` VALUES ('100', '3030303030303030', '10000', '2014-08-12 13:50:20', '0', '2014-08-25 14:21:30', '123', '0');
INSERT INTO `tab_refund` VALUES ('101', '3030303030303030', '10000', '2014-08-12 13:50:20', '0', '2014-08-25 14:22:30', '124', '0');
INSERT INTO `tab_refund` VALUES ('102', '3030303030303030', '10000', '2014-08-12 13:50:20', '0', '2014-08-25 14:23:30', '125', '0');
INSERT INTO `tab_refund` VALUES ('103', '3030303030303030', '10000', '2014-08-12 13:50:20', '0', '2014-08-25 14:24:30', '126', '0');
INSERT INTO `tab_refund` VALUES ('104', '3030303030303030', '10000', '2014-08-12 13:50:20', '0', '2014-08-25 14:25:30', '123', '0');
INSERT INTO `tab_refund` VALUES ('105', '3030303030303030', '10000', '2014-08-12 13:50:20', '0', '2014-08-25 14:26:30', '124', '0');
INSERT INTO `tab_refund` VALUES ('106', '3030303030303030', '10000', '2014-08-12 13:50:20', '0', '2014-08-25 14:27:30', '125', '0');
INSERT INTO `tab_refund` VALUES ('107', '3030303030303030', '10000', '2014-08-12 13:50:20', '0', '2014-08-25 14:28:30', '126', '0');
INSERT INTO `tab_refund` VALUES ('108', '3030303030303030', '10000', '2014-08-12 13:50:20', '0', '2014-08-25 14:29:30', '123', '0');
INSERT INTO `tab_refund` VALUES ('109', '3030303030303030', '10000', '2014-08-12 13:50:20', '0', '2014-08-25 14:30:31', '124', '0');
INSERT INTO `tab_refund` VALUES ('110', '3030303030303030', '10000', '2014-08-12 13:50:20', '0', '2014-08-25 14:31:31', '125', '0');
INSERT INTO `tab_refund` VALUES ('111', '3030303030303030', '10000', '2014-08-12 13:50:20', '0', '2014-08-25 14:32:31', '126', '0');
INSERT INTO `tab_refund` VALUES ('112', '3030303030303030', '10000', '2014-08-12 13:50:20', '0', '2014-08-25 14:33:31', '123', '0');
INSERT INTO `tab_refund` VALUES ('113', '3030303030303030', '10000', '2014-08-12 13:50:20', '0', '2014-08-25 14:34:31', '124', '0');
INSERT INTO `tab_refund` VALUES ('114', '3030303030303030', '10000', '2014-08-12 13:50:20', '0', '2014-08-25 14:35:31', '125', '0');
INSERT INTO `tab_refund` VALUES ('115', '3030303030303030', '10000', '2014-08-12 13:50:20', '0', '2014-08-25 14:36:31', '126', '0');
INSERT INTO `tab_refund` VALUES ('116', '3030303030303030', '10000', '2014-08-12 13:50:20', '0', '2014-08-25 14:41:22', '123', '0');
INSERT INTO `tab_refund` VALUES ('117', '3030303030303030', '10000', '2014-08-12 13:50:20', '0', '2014-08-25 14:42:22', '124', '0');
INSERT INTO `tab_refund` VALUES ('118', '3030303030303030', '10000', '2014-08-12 13:50:20', '0', '2014-08-25 14:43:22', '125', '0');
INSERT INTO `tab_refund` VALUES ('119', '3030303030303030', '10000', '2014-08-12 13:50:20', '0', '2014-08-25 14:44:22', '126', '0');
INSERT INTO `tab_refund` VALUES ('120', '3030303030303030', '10000', '2014-08-12 13:50:20', '0', '2014-08-25 14:45:22', '123', '0');
INSERT INTO `tab_refund` VALUES ('121', '3030303030303030', '10000', '2014-08-12 13:50:20', '0', '2014-08-25 14:48:32', '124', '0');
INSERT INTO `tab_refund` VALUES ('122', '3030303030303030', '10000', '2014-08-12 13:50:20', '0', '2014-08-25 14:49:32', '125', '0');
INSERT INTO `tab_refund` VALUES ('123', '3030303030303030', '10000', '2014-08-12 13:50:20', '0', '2014-08-25 14:50:32', '126', '0');
INSERT INTO `tab_refund` VALUES ('124', '3030303030303030', '10000', '2014-08-12 13:50:20', '0', '2014-08-25 14:51:32', '123', '0');
INSERT INTO `tab_refund` VALUES ('125', '3030303030303030', '10000', '2014-08-12 13:50:20', '0', '2014-08-25 14:52:32', '124', '0');
INSERT INTO `tab_refund` VALUES ('126', '3030303030303030', '10000', '2014-08-12 13:50:20', '0', '2014-08-25 14:53:32', '125', '0');
INSERT INTO `tab_refund` VALUES ('127', '3030303030303030', '10000', '2014-08-12 13:50:20', '0', '2014-08-25 14:54:32', '126', '0');
INSERT INTO `tab_refund` VALUES ('128', '3030303030303030', '10000', '2014-08-12 13:50:20', '0', '2014-08-25 14:55:32', '123', '0');
INSERT INTO `tab_refund` VALUES ('129', '3030303030303030', '10000', '2014-08-12 13:50:20', '0', '2014-08-25 14:56:32', '124', '0');
INSERT INTO `tab_refund` VALUES ('130', '3030303030303030', '10000', '2014-08-12 13:50:20', '0', '2014-08-25 14:57:32', '125', '0');
INSERT INTO `tab_refund` VALUES ('131', '3030303030303030', '10000', '2014-08-12 13:50:20', '0', '2014-08-25 14:58:32', '126', '0');
INSERT INTO `tab_refund` VALUES ('132', '3030303030303030', '10000', '2014-08-12 13:50:20', '0', '2014-08-25 14:59:32', '123', '0');
INSERT INTO `tab_refund` VALUES ('133', '3030303030303030', '10000', '2014-08-12 13:50:20', '0', '2014-08-25 15:00:32', '124', '0');
INSERT INTO `tab_refund` VALUES ('134', '3030303030303030', '10000', '2014-08-12 13:50:20', '0', '2014-08-25 15:01:32', '125', '0');
INSERT INTO `tab_refund` VALUES ('135', '3030303030303030', '10000', '2014-08-12 13:50:20', '0', '2014-08-25 15:02:32', '126', '0');
INSERT INTO `tab_refund` VALUES ('136', '3030303030303030', '10000', '2014-08-12 13:50:20', '0', '2014-08-25 15:03:32', '123', '0');
INSERT INTO `tab_refund` VALUES ('137', '3030303030303030', '10000', '2014-08-12 13:50:20', '0', '2014-08-25 15:04:32', '124', '0');
INSERT INTO `tab_refund` VALUES ('138', '3030303030303030', '10000', '2014-08-12 13:50:20', '0', '2014-08-25 15:05:32', '125', '0');
INSERT INTO `tab_refund` VALUES ('139', '3030303030303030', '10000', '2014-08-12 13:50:20', '0', '2014-08-25 15:06:32', '126', '0');
INSERT INTO `tab_refund` VALUES ('140', '3030303030303030', '10000', '2014-08-12 13:50:20', '0', '2014-08-25 15:07:32', '123', '0');
INSERT INTO `tab_refund` VALUES ('141', '3030303030303030', '10000', '2014-08-12 13:50:20', '0', '2014-08-25 15:08:32', '124', '0');
INSERT INTO `tab_refund` VALUES ('142', '3030303030303030', '10000', '2014-08-12 13:50:20', '0', '2014-08-25 15:09:32', '125', '0');
INSERT INTO `tab_refund` VALUES ('143', '3030303030303030', '10000', '2014-08-12 13:50:20', '0', '2014-08-25 15:10:32', '126', '0');
INSERT INTO `tab_refund` VALUES ('144', '3030303030303030', '10000', '2014-08-12 13:50:20', '0', '2014-08-25 15:11:32', '123', '0');
INSERT INTO `tab_refund` VALUES ('145', '3030303030303030', '10000', '2014-08-12 13:50:20', '0', '2014-08-25 15:12:32', '124', '0');
INSERT INTO `tab_refund` VALUES ('146', '3030303030303030', '10000', '2014-08-12 13:50:20', '0', '2014-08-25 15:13:32', '125', '0');
INSERT INTO `tab_refund` VALUES ('147', '3030303030303030', '10000', '2014-08-12 13:50:20', '0', '2014-08-25 15:14:32', '126', '0');
INSERT INTO `tab_refund` VALUES ('148', '3030303030303030', '10000', '2014-08-12 13:50:20', '0', '2014-08-25 15:15:32', '123', '0');
INSERT INTO `tab_refund` VALUES ('149', '3030303030303030', '10000', '2014-08-12 13:50:20', '0', '2014-08-25 15:16:32', '124', '0');
INSERT INTO `tab_refund` VALUES ('150', '3030303030303030', '10000', '2014-08-12 13:50:20', '0', '2014-08-25 15:17:32', '125', '0');
INSERT INTO `tab_refund` VALUES ('151', '3030303030303030', '10000', '2014-08-12 13:50:20', '0', '2014-08-25 15:18:32', '126', '0');
INSERT INTO `tab_refund` VALUES ('152', '3030303030303030', '10000', '2014-08-12 13:50:20', '0', '2014-08-25 15:19:32', '123', '0');
INSERT INTO `tab_refund` VALUES ('153', '3030303030303030', '10000', '2014-08-12 13:50:20', '0', '2014-08-25 15:20:32', '124', '0');
INSERT INTO `tab_refund` VALUES ('154', '3030303030303030', '10000', '2014-08-12 13:50:20', '0', '2014-08-25 15:21:32', '125', '0');
INSERT INTO `tab_refund` VALUES ('155', '3030303030303030', '10000', '2014-08-12 13:50:20', '0', '2014-08-25 15:22:32', '126', '0');
INSERT INTO `tab_refund` VALUES ('156', '3030303030303030', '10000', '2014-08-12 13:50:20', '0', '2014-08-25 15:23:32', '123', '0');
INSERT INTO `tab_refund` VALUES ('157', '3030303030303030', '10000', '2014-08-12 13:50:20', '0', '2014-08-25 15:24:32', '124', '0');
INSERT INTO `tab_refund` VALUES ('158', '3030303030303030', '10000', '2014-08-12 13:50:20', '0', '2014-08-25 15:25:32', '125', '0');
INSERT INTO `tab_refund` VALUES ('159', '3030303030303030', '10000', '2014-08-12 13:50:20', '0', '2014-08-25 15:26:32', '126', '0');
INSERT INTO `tab_refund` VALUES ('160', '3030303030303030', '10000', '2014-08-12 13:50:20', '0', '2014-08-25 15:27:32', '123', '0');
INSERT INTO `tab_refund` VALUES ('161', '3030303030303030', '10000', '2014-08-12 13:50:20', '0', '2014-08-25 15:28:32', '124', '0');
INSERT INTO `tab_refund` VALUES ('162', '3030303030303030', '10000', '2014-08-12 13:50:20', '0', '2014-08-25 15:29:32', '125', '0');
INSERT INTO `tab_refund` VALUES ('163', '3030303030303030', '10000', '2014-08-12 13:50:20', '0', '2014-08-25 15:30:32', '126', '0');
INSERT INTO `tab_refund` VALUES ('164', '3030303030303030', '10000', '2014-08-12 13:50:20', '0', '2014-08-25 15:31:32', '123', '0');
INSERT INTO `tab_refund` VALUES ('165', '3030303030303030', '10000', '2014-08-12 13:50:20', '1', '2014-08-25 15:32:32', '124', '0');
INSERT INTO `tab_refund` VALUES ('166', '3030303030303030', '10000', '2014-08-12 13:50:20', '0', '2014-08-25 15:33:32', '125', '0');
INSERT INTO `tab_refund` VALUES ('167', '3030303030303030', '10000', '2014-08-12 13:50:20', '0', '2014-08-25 15:34:32', '126', '0');
INSERT INTO `tab_refund` VALUES ('168', '3030303030303030', '10000', '2014-08-12 13:50:20', '0', '2014-08-25 15:35:32', '123', '0');
INSERT INTO `tab_refund` VALUES ('169', '3030303030303030', '10000', '2014-08-12 13:50:20', '0', '2014-08-25 15:36:32', '124', '0');
INSERT INTO `tab_refund` VALUES ('170', '3030303030303030', '10000', '2014-08-12 13:50:20', '0', '2014-08-25 15:37:32', '125', '0');
INSERT INTO `tab_refund` VALUES ('171', '3030303030303030', '10000', '2014-08-12 13:50:20', '0', '2014-08-25 15:38:32', '126', '0');
INSERT INTO `tab_refund` VALUES ('172', '3030303030303030', '10000', '2014-08-12 13:50:20', '0', '2014-08-25 15:39:32', '123', '0');
INSERT INTO `tab_refund` VALUES ('173', '3030303030303030', '10000', '2014-08-12 13:50:20', '0', '2014-08-25 15:40:32', '124', '0');
INSERT INTO `tab_refund` VALUES ('174', '3030303030303030', '10000', '2014-08-12 13:50:20', '0', '2014-08-25 15:42:53', '125', '0');
INSERT INTO `tab_refund` VALUES ('175', '3030303030303030', '10000', '2014-08-12 13:50:20', '0', '2014-08-25 15:43:53', '126', '0');
INSERT INTO `tab_refund` VALUES ('176', '3030303030303030', '10000', '2014-08-12 13:50:20', '0', '2014-08-25 15:44:53', '123', '0');
INSERT INTO `tab_refund` VALUES ('177', '3030303030303030', '10000', '2014-08-12 13:50:20', '0', '2014-08-25 15:45:53', '124', '0');
INSERT INTO `tab_refund` VALUES ('178', '3030303030303030', '10000', '2014-08-12 13:50:20', '0', '2014-08-25 15:46:53', '125', '0');
INSERT INTO `tab_refund` VALUES ('179', '3030303030303030', '10000', '2014-08-12 13:50:20', '0', '2014-08-25 15:47:53', '126', '0');
INSERT INTO `tab_refund` VALUES ('180', '3030303030303030', '10000', '2014-08-12 13:50:20', '0', '2014-08-25 15:48:53', '123', '0');
INSERT INTO `tab_refund` VALUES ('181', '3030303030303030', '10000', '2014-08-12 13:50:20', '0', '2014-08-25 15:50:33', '124', '0');
INSERT INTO `tab_refund` VALUES ('182', '3030303030303030', '10000', '2014-08-12 13:50:20', '0', '2014-08-25 16:58:10', '125', '0');
INSERT INTO `tab_refund` VALUES ('183', '3030303030303030', '10000', '2014-08-12 13:50:20', '0', '2014-08-25 16:59:10', '126', '0');
INSERT INTO `tab_refund` VALUES ('184', '3030303030303030', '10000', '2014-08-12 13:50:20', '0', '2014-08-25 17:00:10', '123', '0');
INSERT INTO `tab_refund` VALUES ('185', '3030303030303030', '10000', '2014-08-12 13:50:20', '0', '2014-08-25 17:01:10', '124', '0');
INSERT INTO `tab_refund` VALUES ('186', '3030303030303030', '10000', '2014-08-12 13:50:20', '0', '2014-08-25 17:02:10', '125', '0');
INSERT INTO `tab_refund` VALUES ('187', '3030303030303030', '10000', '2014-08-12 13:50:20', '0', '2014-08-25 17:03:10', '126', '0');
INSERT INTO `tab_refund` VALUES ('188', '3030303030303030', '10000', '2014-08-12 13:50:20', '0', '2014-08-25 17:04:10', '123', '0');
INSERT INTO `tab_refund` VALUES ('189', '3030303030303030', '10000', '2014-08-12 13:50:20', '0', '2014-08-25 17:05:10', '124', '0');
INSERT INTO `tab_refund` VALUES ('190', '3030303030303030', '10000', '2014-08-12 13:50:20', '0', '2014-08-25 17:06:10', '125', '0');
INSERT INTO `tab_refund` VALUES ('191', '3030303030303030', '10000', '2014-08-12 13:50:20', '0', '2014-08-25 17:07:10', '126', '0');
INSERT INTO `tab_refund` VALUES ('192', '3030303030303030', '10000', '2014-08-12 13:50:20', '0', '2014-08-25 17:08:10', '123', '0');
INSERT INTO `tab_refund` VALUES ('193', '3030303030303030', '10000', '2014-08-12 13:50:20', '0', '2014-08-25 17:09:10', '124', '0');
INSERT INTO `tab_refund` VALUES ('194', '3030303030303030', '10000', '2014-08-12 13:50:20', '0', '2014-08-25 17:10:10', '125', '0');
INSERT INTO `tab_refund` VALUES ('195', '3030303030303030', '10000', '2014-08-12 13:50:20', '0', '2014-08-25 17:11:10', '126', '0');
INSERT INTO `tab_refund` VALUES ('196', '3030303030303030', '10000', '2014-08-12 13:50:20', '0', '2014-08-25 17:12:10', '123', '0');
INSERT INTO `tab_refund` VALUES ('197', '3030303030303030', '10000', '2014-08-12 13:50:20', '0', '2014-08-25 17:13:10', '124', '0');
INSERT INTO `tab_refund` VALUES ('198', '3030303030303030', '10000', '2014-08-12 13:50:20', '0', '2014-08-25 17:14:10', '125', '0');
INSERT INTO `tab_refund` VALUES ('199', '3030303030303030', '10000', '2014-08-12 13:50:20', '0', '2014-08-25 17:15:10', '126', '0');
INSERT INTO `tab_refund` VALUES ('200', '3030303030303030', '10000', '2014-08-12 13:50:20', '0', '2014-08-25 17:16:10', '123', '0');
INSERT INTO `tab_refund` VALUES ('201', '3030303030303030', '10000', '2014-08-12 13:50:20', '0', '2014-08-25 17:17:10', '124', '0');
INSERT INTO `tab_refund` VALUES ('202', '3030303030303030', '10000', '2014-08-12 13:50:20', '0', '2014-08-25 17:18:10', '125', '0');
INSERT INTO `tab_refund` VALUES ('203', '3030303030303030', '10000', '2014-08-12 13:50:20', '0', '2014-08-25 17:19:10', '126', '0');
INSERT INTO `tab_refund` VALUES ('204', '3030303030303030', '10000', '2014-08-12 13:50:20', '0', '2014-08-25 17:20:10', '123', '0');
INSERT INTO `tab_refund` VALUES ('205', '3030303030303030', '10000', '2014-08-12 13:50:20', '0', '2014-08-25 17:21:10', '124', '0');
INSERT INTO `tab_refund` VALUES ('206', '3030303030303030', '10000', '2014-08-12 13:50:20', '0', '2014-08-25 17:22:10', '125', '0');
INSERT INTO `tab_refund` VALUES ('207', '3030303030303030', '10000', '2014-08-12 13:50:20', '0', '2014-08-25 17:23:10', '126', '0');
INSERT INTO `tab_refund` VALUES ('208', '3030303030303030', '10000', '2014-08-12 13:50:20', '0', '2014-08-25 17:24:10', '123', '0');
INSERT INTO `tab_refund` VALUES ('209', '3030303030303030', '10000', '2014-08-12 13:50:20', '0', '2014-08-25 17:25:10', '124', '0');
INSERT INTO `tab_refund` VALUES ('210', '3030303030303030', '10000', '2014-08-12 13:50:20', '0', '2014-08-25 17:26:10', '125', '0');
INSERT INTO `tab_refund` VALUES ('211', '3030303030303030', '10000', '2014-08-12 13:50:20', '0', '2014-08-25 17:27:10', '126', '0');
INSERT INTO `tab_refund` VALUES ('212', '3030303030303030', '10000', '2014-08-12 13:50:20', '0', '2014-08-25 17:28:10', '123', '0');
INSERT INTO `tab_refund` VALUES ('213', '3030303030303030', '10000', '2014-08-12 13:50:20', '0', '2014-08-25 17:29:10', '124', '0');
INSERT INTO `tab_refund` VALUES ('214', '3030303030303030', '10000', '2014-08-12 13:50:20', '0', '2014-08-25 17:30:10', '125', '0');
INSERT INTO `tab_refund` VALUES ('215', '3030303030303030', '10000', '2014-08-12 13:50:20', '0', '2014-08-25 17:31:10', '126', '0');
INSERT INTO `tab_refund` VALUES ('216', '3030303030303030', '10000', '2014-08-12 13:50:20', '0', '2014-08-25 17:32:10', '123', '0');
INSERT INTO `tab_refund` VALUES ('217', '3030303030303030', '10000', '2014-08-12 13:50:20', '0', '2014-08-25 17:33:10', '124', '0');
INSERT INTO `tab_refund` VALUES ('218', '3030303030303030', '10000', '2014-08-12 13:50:20', '0', '2014-08-25 17:34:10', '125', '0');
INSERT INTO `tab_refund` VALUES ('219', '3030303030303030', '10000', '2014-08-12 13:50:20', '0', '2014-08-25 17:35:10', '126', '0');
INSERT INTO `tab_refund` VALUES ('220', '3030303030303030', '10000', '2014-08-12 13:50:20', '0', '2014-08-25 17:36:10', '123', '0');
INSERT INTO `tab_refund` VALUES ('221', '3030303030303030', '10000', '2014-08-12 13:50:20', '0', '2014-08-25 17:37:10', '124', '0');
INSERT INTO `tab_refund` VALUES ('222', '3030303030303030', '10000', '2014-08-12 13:50:20', '0', '2014-08-25 17:38:10', '125', '0');
INSERT INTO `tab_refund` VALUES ('223', '3030303030303030', '10000', '2014-08-12 13:50:20', '0', '2014-08-25 17:39:10', '126', '0');
INSERT INTO `tab_refund` VALUES ('224', '3030303030303030', '10000', '2014-08-12 13:50:20', '0', '2014-08-26 11:13:46', '123', '0');
INSERT INTO `tab_refund` VALUES ('225', '3030303030303030', '10000', '2014-08-12 13:50:20', '1', '2014-08-26 11:14:46', '124', '0');
INSERT INTO `tab_refund` VALUES ('226', '3030303030303030', '10000', '2014-08-12 13:50:20', '0', '2014-08-26 11:15:46', '125', '0');
INSERT INTO `tab_refund` VALUES ('227', '3030303030303030', '10000', '2014-08-12 13:50:20', '0', '2014-08-26 11:16:46', '126', '0');
INSERT INTO `tab_refund` VALUES ('228', '3030303030303030', '10000', '2014-08-12 13:50:20', '0', '2014-08-26 11:17:46', '123', '0');

-- ----------------------------
-- Table structure for tab_terminal
-- ----------------------------
DROP TABLE IF EXISTS `tab_terminal`;
CREATE TABLE `tab_terminal` (
  `id` int(19) NOT NULL COMMENT '终端ID  12位',
  `typeId` smallint(6) DEFAULT '1' COMMENT '终端类型，默认1',
  `position` varchar(255) DEFAULT NULL COMMENT '终端投放地址',
  `enabled` tinyint(2) DEFAULT '0' COMMENT '启用状态 0：启用 1：停用',
  `memo` varchar(255) DEFAULT NULL COMMENT '备注',
  PRIMARY KEY (`id`)
) ENGINE=InnoDB DEFAULT CHARSET=utf8;

-- ----------------------------
-- Records of tab_terminal
-- ----------------------------
INSERT INTO `tab_terminal` VALUES ('44', '0', '3232', '0', '1212');
INSERT INTO `tab_terminal` VALUES ('123', '0', '天安门', '1', 'aka');
INSERT INTO `tab_terminal` VALUES ('124', '1', '中南海', '1', '啊看得见');
INSERT INTO `tab_terminal` VALUES ('125', '0', 'ADFA3', '0', '啊打发');
INSERT INTO `tab_terminal` VALUES ('126', '0', 'afd埃弗顿', '0', '阿范德萨发');
INSERT INTO `tab_terminal` VALUES ('2345', '0', 'adf待发', '0', '发大厦');
INSERT INTO `tab_terminal` VALUES ('7654', '0', '2', '0', 's');
INSERT INTO `tab_terminal` VALUES ('12345678', '1', 'a', '0', 'sfd');

-- ----------------------------
-- Table structure for tab_terminal_status
-- ----------------------------
DROP TABLE IF EXISTS `tab_terminal_status`;
CREATE TABLE `tab_terminal_status` (
  `TERMINALID` int(19) NOT NULL COMMENT '终端ID  主键',
  `OnlineStatus` tinyint(2) DEFAULT NULL COMMENT '设备在线状态  0：未知  1：在线  2：离线',
  `LastOnlineTime` datetime DEFAULT NULL COMMENT '最近一次的在线时间',
  `M1STATUS` tinyint(2) DEFAULT '0' COMMENT '市民卡读写模块 (0:未知 1:正常 2:故障   下同)',
  `M2STATUS` tinyint(2) DEFAULT '0' COMMENT '现金模块',
  `M3STATUS` tinyint(2) DEFAULT '0' COMMENT '银联模块',
  `M4STATUS` tinyint(2) DEFAULT '0' COMMENT '打印模块',
  `M5STATUS` tinyint(2) DEFAULT '0' COMMENT '身份证读取模块',
  `M6STATUS` tinyint(2) DEFAULT '0' COMMENT '密码键盘模块',
  `M7STATUS` tinyint(2) DEFAULT '0',
  `M8STATUS` tinyint(2) DEFAULT '0',
  `CashBoxAmount` int(255) DEFAULT '0' COMMENT '钱箱现金',
  PRIMARY KEY (`TERMINALID`)
) ENGINE=InnoDB DEFAULT CHARSET=utf8;

-- ----------------------------
-- Records of tab_terminal_status
-- ----------------------------
INSERT INTO `tab_terminal_status` VALUES ('12345678', '2', '2014-12-11 14:33:26', '2', '2', '0', '0', '0', '0', '0', '0', '310');
INSERT INTO `tab_terminal_status` VALUES ('1122334456', '1', '2014-07-18 15:27:32', '1', '2', '3', '3', '1', '2', '1', '0', null);
INSERT INTO `tab_terminal_status` VALUES ('2147483647', '2', '2014-08-12 14:36:23', '2', '2', '0', '1', '0', '0', '0', '0', null);

-- ----------------------------
-- Table structure for tab_terminal_type
-- ----------------------------
DROP TABLE IF EXISTS `tab_terminal_type`;
CREATE TABLE `tab_terminal_type` (
  `id` int(11) NOT NULL COMMENT '终端类型ID',
  `name` varchar(255) DEFAULT NULL COMMENT '类型名称',
  PRIMARY KEY (`id`)
) ENGINE=InnoDB DEFAULT CHARSET=utf8 COMMENT='终端类型';

-- ----------------------------
-- Records of tab_terminal_type
-- ----------------------------

-- ----------------------------
-- Table structure for tab_users
-- ----------------------------
DROP TABLE IF EXISTS `tab_users`;
CREATE TABLE `tab_users` (
  `id` int(10) NOT NULL AUTO_INCREMENT COMMENT '用户ID',
  `name` varchar(50) NOT NULL COMMENT '用户名',
  `pass` varchar(50) DEFAULT NULL COMMENT '用户密码',
  `memo` varchar(255) DEFAULT NULL COMMENT '备注',
  PRIMARY KEY (`id`)
) ENGINE=InnoDB AUTO_INCREMENT=2 DEFAULT CHARSET=utf8 COMMENT=' 后台管理系统用户';

-- ----------------------------
-- Records of tab_users
-- ----------------------------
INSERT INTO `tab_users` VALUES ('1', 'admin', 'admin', 'admin');

-- ----------------------------
-- Table structure for tab_withdraw_detail
-- ----------------------------
DROP TABLE IF EXISTS `tab_withdraw_detail`;
CREATE TABLE `tab_withdraw_detail` (
  `id` int(11) NOT NULL AUTO_INCREMENT,
  `TerminalId` int(11) DEFAULT '0' COMMENT '终端ID',
  `WithdrawAmount` int(255) DEFAULT '0' COMMENT '提款金额',
  `OperTime` datetime DEFAULT NULL COMMENT '提款操作时间',
  `LastOperTime` datetime DEFAULT NULL COMMENT '上次操作时间',
  `OperUserId` int(11) DEFAULT '0' COMMENT '操作人员编号',
  `InsertTime` timestamp NULL DEFAULT CURRENT_TIMESTAMP ON UPDATE CURRENT_TIMESTAMP,
  PRIMARY KEY (`id`)
) ENGINE=InnoDB AUTO_INCREMENT=6 DEFAULT CHARSET=utf8 COMMENT='提款操作明细记录';

-- ----------------------------
-- Records of tab_withdraw_detail
-- ----------------------------
INSERT INTO `tab_withdraw_detail` VALUES ('1', '12345678', '20', '2014-12-09 14:50:32', '2014-12-09 14:50:32', '0', '2015-01-12 17:15:15');
INSERT INTO `tab_withdraw_detail` VALUES ('2', '12345678', '20', '2014-12-09 14:50:32', '2014-12-09 14:50:32', '0', '2015-01-12 17:15:16');
INSERT INTO `tab_withdraw_detail` VALUES ('3', '12345678', '20', '2014-12-09 14:50:32', '2014-12-09 14:50:32', '0', '2015-01-12 17:15:18');
INSERT INTO `tab_withdraw_detail` VALUES ('4', '12345678', '20', '2014-12-09 14:50:32', '2014-12-09 14:50:32', '0', '2015-01-12 17:15:19');
INSERT INTO `tab_withdraw_detail` VALUES ('5', '12345678', '20', '2014-12-09 14:50:32', '2014-12-09 14:50:32', '0', '2015-01-12 17:15:21');
